ANO,CODCORPOLEIPL,NOMEAUTOR,TIPOAUTOR,TIPO,TIPOEMENDA,ESTRUTURALEI,CAPITULO,SECAO,SUBSECAO,ARTIGO,PARAGRAFO,INCISO,ALINEA,ITEM,DESCATEGORIA,INDGERACAOAUTOMATICA,NUMEROEMENDA,TEXTOPROPOSTOEMENDA,JUSTIFICATIVA
2020,280,Perpétua Almeida,Deputado Federal,Texto da Lei,Aditiva,Corpo da lei,A,I,,21,,,,,Art.021-A - recursos mínimos para ações de promoção da igualdade de gênero e de combate à violência contra a mulher,S,11970007,"Art. 22. Os recursos destinados para as ações de promoção da igualdade de gênero e enfrentamento à violência contra a mulher na Lei Orçamentária de 2020 não serão inferiores aos autorizados na Lei Orçamentária de 2019, corrigidos pela variação do IPCA acumulada de janeiro de 2018 a junho de 2019.","Os recursos alocados para as ações de promoção da igualdade de gênero e enfrentamento à violência contra a mulher foram sistematicamente reduzidos nos últimos anos. E, para enfrentar os desafios de superação da desigualdade entre homens e mulheres, é fundamental que seja garantida a execução de valores não inferiores aos autorizados na Lei Orçamentária de 2020 para estas ações."
2020,280,Patrus Ananias,Deputado Federal,Texto da Lei,Aditiva,Corpo da lei,A,I,,21,,,,,Art.021-A - Alocação de recursos no MEC para cumprimento das metas do PNE,S,14080004,"Art. 21-A A alocação de recursos na área de Educação terá por objetivo, no Projeto e na Lei Orçamentária de 2020, o cumprimento das metas previstas no Plano Nacional de Educação, Lei no 13.005, de 25 de junho de 2014.","Esta emenda tem como finalidade restabelecer dispositivo constante da Lei de Diretrizes Orçamentárias para 2016, Lei nº 13.242, de 30 de dezembro de 2015, art. 22, a fim de que se dê pleno cumprimento às metas do Plano Nacional de Educação 2014-2024, por meio de dotações a serem incluídas na lei orçamentária para 2020.

O ""art. 10 da Lei do PNE estabelece que o plano plurianual, as diretrizes orçamentárias e os orçamentos anuais da União, dos Estados, do Distrito Federal e dos Municípios serão formulados de maneira a assegurar a consignação de dotações orçamentárias compatíveis com suas diretrizes, metas e estratégias e com os respectivos planos de educação, a fim de viabilizar sua plena execução."""
2020,280,Patrus Ananias,Deputado Federal,Texto da Lei,Aditiva,Corpo da lei,A,I,,21,,,,,Art.021-A - Recursos mínimos para o MEC,S,14080007,"NOVO ARTIGO - O Projeto de Lei Orçamentária de 2020 e a respectiva lei destinarão recursos para as despesas do Ministério da Educação em montante, no mínimo, igual ao aprovado na Lei Orçamentária de 2019, corrigido na forma do inciso II do §1º do art. 107 do Ato das Disposições Constitucionais Transitórias.","Trata-se de recuperar a garantia, já prevista na LDO de 2019, de que os recursos para despesas do MEC não serão inferiores àqueles aprovados no ano anterior."
2020,280,Patrus Ananias,Deputado Federal,Texto da Lei,Aditiva,Corpo da lei,A,I,,21,,,,,Art.021-A - Alocação de recursos no MEC para cumprimento das metas do PNE; implantação do Custo Aluno Qualidade inicial,S,14080014,"NOVO ARTIGO - A alocação de recursos na área de Educação, no Projeto e na Lei Orçamentária de 2020, terá por objetivo o cumprimento das metas previstas no Plano Nacional de Educação, aprovado pela Lei nº 13.005, de 25 de junho de 2014.
Parágrafo único. A alocação de recursos de que trata o caput deverá buscar a
implantação do Custo Aluno Qualidade inicial - CAQi, nos termos da estratégia do Plano Nacional de Educação.",Esta emenda objetiva obrigar o Governo a cumprir as Metas do PNE e implantar o Custo Aluno Qualidade inicial - CAQi
2020,280,Patrus Ananias,Deputado Federal,Texto da Lei,Aditiva,Corpo da lei,A,I,,21,,,,,"Art.021-A - priorização de recursos do MEC para universidades, hospitais universitários e institutos",S,14080026,"Art. 22. Na alocação de recursos para a área de Educação deverão ser priorizados aqueles destinados à Universidades Federais, Hospitais Universitários e Institutos Federais de Ensino.",redigir
2020,280,Vander Loubet,Deputado Federal,Texto da Lei,Aditiva,Corpo da lei,A,I,,21,,,,,Art.021-A - reajuste do salário mínimo (INPC + crescimento real do PIB de 2018),S,14510004,"Art. 22. Os reajustes do salário-mínimo para 2020 corresponderão à variação do Índice Nacional de Preços ao Consumidor (INPC), calculado e divulgado pela Fundação Instituto Brasileiro de Geografia e Estatística (IBGE), acumulada nos 12 (doze) meses anteriores ao mês do reajuste e a título de aumento real, será aplicado o percentual equivalente à taxa de crescimento real do PIB, apurada pelo IBGE, para o ano de 2018.","Objetiva esta emenda manter uma política de valorização do salário-mínimo e dos benefícios pagos pelo Regime Geral de Previdência Social (RGPS) para o ano de 2020, na forma que vinha sendo estabelecida até o exercício de 2019 pela Lei nº 13.152, de 29/07/2015.

O salário mínimo dos brasileiros, caso não fosse implementada a política de valorização, em 2004 no governo Lula, seria  no ano 2019, segundo o Dieese, de R$ 573,00 ante o valor atual de R$ 998,00. Ou seja, os trabalhadores brasileiros estariam perdendo todo mês a importância de R$ 425,00.

Deve-se, ainda, observar que segundo essa mesma a entidade, o piso nacional para 2019 deveria ser de R$ 3.960,57, valor esti

Dessa forma, a metodologia disposta na lei vigente precisa ser mantida para assegurar o mínimo de condições de subsistência digna para os trabalhadores."
2020,280,Vander Loubet,Deputado Federal,Texto da Lei,Aditiva,Corpo da lei,A,I,,21,,,,,,,14510007,"Art. 22. O Projeto de Lei Orçamentária de 2020 e a respectiva Lei destinarão recursos para as despesas do Ministério da Educação em montante, no mínimo, igual ao aprovado na Lei Orçamentária de 2019, corrigido na forma do Inciso II do § 1º do art. 107 do Ato das Disposições Constitucionais Transitórias.","Acredita-se que a Educação é o eixo motriz para desenvolvimento do país, e como tal, deve ser prioridade para qualquer governo. Assim entende-se que é fundamental assegura para o próximo ano, ao menos um orçamento mínimo para o prosseguimento das atividades do Ministério da Educação."
2020,280,Jandira Feghali,Deputado Federal,Texto da Lei,Aditiva,Corpo da lei,A,I,,21,,,,,,,17750017,"Art. 22. Os recursos destinados para as despesas do Ministério da Educação na Lei Orçamentária de 2020 não serão inferiores aos autorizados na Lei Orçamentária de 2019, corrigido na forma do inciso II do § 1º do art. 107 do Ato das Disposições Constitucionais Transitórias.","Acredita-se que a educação é o eixo motriz para o desenvolvimento do país e, como tal, deve ser a prioridade de qualquer governo. Assim, entende-se que é fundamental assegurar para o próximo ano ao menos um orçamento mínimo para o prosseguimento das atividades do Ministério da Educação.
Ressalta-se ainda que o texto proposto é uma práxis de governo anteriores, integrando o texto da Lei de Diretrizes Orçamentárias (LDO) há anos, como forma de demonstrar que a prioridade do Estado é o investimento na Educação, que constitui o maior capital intelectual e social de um país."
2020,280,Beto Faro,Deputado Federal,Texto da Lei,Aditiva,Corpo da lei,A,I,,21,,,,,Art.021-A - Garantia de empenho mínimo no MEC,S,21520004,"Art. 21-A. Para a execução orçamentária de 2020, é fixada como diretriz no âmbito das despesas destinadas à manutenção e ao desenvolvimento do ensino de que trata o art. 212 da Constituição a garantia de empenhamento mínimo de percentual equivalente ao montante executado em 2019, corrigido pela variação acumulada do IPCA de janeiro a dezembro de 2019 (ou julho de 2018 a junho de 2019) acrescido da taxa de crescimento populacional conforme estimada pelo IBGE.","Visa garantir que os recursos destinados à educação sejam corrigidos pela variação do IPCA, levando em consideração, também, o crescimento populacional garantindo o crescimento per capita de 2019. 

Isso se faz necessário devido a implantação do Novo Regime Fiscal (EC nº 95/2016) que reduziu em termos reais os recursos destinados a manutenção e ao desenvolvimento do ensino nacional, não atendendo, assim, as necessidades reais da população."
2020,280,Paulo Teixeira,Deputado Federal,Texto da Lei,Aditiva,Corpo da lei,A,I,,21,,,,,Art.021-A - Recursos mínimos para o MEC,S,25340001,"Art. 22. O Projeto de Lei Orçamentária de 2020 e a respectiva Lei destinarão recursos para as despesas do Ministério da Educação em montante, no mínimo, igual ao aprovado na Lei Orçamentária de 2019, corrigido na forma do inciso II do § 1º do art. 107 do Ato das Disposições Constitucionais Transitórias.","Acredita-se que a Educação é o eixo motriz para o desenvolvimento do país e, como tal, deve ser a prioridade de qualquer governo. Assim, entende-se que é fundamental assegurar para o próximo ano ao menos um orçamento mínimo para o prosseguimento das atividades do Ministério da Educação.
Ressalta-se ainda que o texto proposto é uma práxis de governos anteriores, integrando o texto da Lei de Diretrizes Orçamentárias (LDO) há anos, como forma de demonstrar que a prioridade do Estado é o investimento na Educação, que constitui o maior capital intelectual e social de um país."
2020,280,Valtenir Pereira,Deputado Federal,Texto da Lei,Modificativa,Corpo da lei,M,I,,21,,,,,,,25500001,"Art. 21 - O Projeto de Lei Orçamentária de 2020, a respectiva Lei e suas alterações deverão respeitar como destinação mínima para ações e subtítulos relacionados às programações da subfunção defesa civil o montante equivalente da Lei Orçamentária de 2019 e serão de execução obrigatória no exercício de 2020.","As dotações destinadas à defesa civil são de grande importância para sociedade e precisam ser preservadas. 
Na elaboração do orçamento para 2018, os escassos recursos para essa finalidade sofreram um corte bastante acentuado. 
Em 2019, há rubrica orçamentária destinada a atender resposta, reestabelecimento e reconstrução de infraestruturas danificadas, porém sofreu contingenciamento, mesmo havendo inúmeros processos aprovados, diante da situação de emergência provocada por desastres naturais.
Esta emenda objetiva garantir que os recursos destinados para essa subfunção não sejam reduzidos na aprovação do orçamento, bem como durante a sua execução orçamentária, assegurando, no mínimo, os valores constantes por subtítulo no orçamento vigente com a devida atualização.
Ademais, busca-se tornar obrigatória a execução dessas programações, para que as pessoas atingidas pelos desastres naturais possam ser socorridas a tempo e modo, porque é essencial mitigar os efeitos nefastos desses desastres."
2020,280,Jhonatan de Jesus,Deputado Federal,Texto da Lei,Aditiva,Corpo da lei,A,I,,21,,,,,Art.021-A - recursos mínimos para modernização e fortalecimento de instituições de segurança pública,S,26700004,"Art. 22. Os recursos destinados para apoio à modernização e fortalecimento de instituições de segurança pública em localidades formalmente reconhecidas como em vulnerabilidade, decorrente de fluxo migratório provocado por crise humanitária na Lei Orçamentária de 2020 serão, no mínimo, 10% superior ao aprovado na Lei Orçamentária de 2019.","Nos últimos anos, o Estado de Roraima tem servido como refúgio para milhares de venezuelanos que desertam de seu país de origem em razão da crise político-humanitária que assola a República Bolivariana da Venezuela.
O elevado fluxo de imigrantes tem causado um aumento repentino na população de diversos municípios roraimenses, cuja rede de serviços públicos atualmente existente se revela incapaz de absorver o aumento decorrente de demanda. Essa realidade foi reconhecida pelo Presidente da República por meio do Decreto nº 9.285, de 2018, declarando o Estado de Roraima em situação de vulnerabilidade, nos termos da Lei n° 13.684, de 2018.
Na segurança pública, a situação é crítica. A chegada em massa de imigrantes sem condições adequadas de subsistência tem elevado substancialmente o número de crimes contra o patrimônio, como furtos e roubos. 
Nesse contexto, apresentamos a presente emenda para garantir que a União destine recursos orçamentários ao Estado de Roraima a serem aplicados na modernização e fortalecimento das polícias civil e militar, bem como do corpo de bombeiros e guardas municipais, mitigando, assim, os problemas enfrentados pelo sistema de segurança pública local."
2020,280,Professora Dorinha Seabra Rezende,Deputado Federal,Texto da Lei,Aditiva,Corpo da lei,A,I,,21,,,,,Art.021-A - Custo Aluno Qualidade inicial X aumento da complementação da União ao Fundeb,S,26930007,"Art. 21-A. Com vistas à implantação do Custo Aluno Qualidade inicial (CAQi) de que trata o Plano Nacional de Educação (Lei no 13.005, de 25 de junho de 2014), a Lei Orçamentária de 2020 deverá ampliar, para além do mínimo previsto no art. 60, VII, do Ato das Disposições Constitucionais Transitórias, as dotações orçamentárias destinadas à complementação da União ao Fundo de Manutenção e Desenvolvimento da Educação Básica e de Valorização dos Profissionais da Educação – Fundeb.","A estratégia 20.6 do Plano Nacional de Educação (PNE) obrigava até 2016 a implantação do Custo Aluno-Qualidade inicial ? CAQi para educação básica, referenciado no conjunto de padrões mínimos estabelecidos na legislação educacional  e cujo financiamento será  calculado com base nos respectivos insumos indispensáveis ao processo de ensino-aprendizagem e será progressivamente reajustado até a implementação plena do Custo Aluno Qualidade ? CAQ. 
O art. 10 da Lei do PNE estabelece que o plano plurianual, as diretrizes orçamentárias e os orçamentos anuais da União, dos Estados, do Distrito Federal e dos Municípios serão formulados de maneira a assegurar a consignação de dotações orçamentárias compatíveis com suas diretrizes, metas e estratégias e com os respectivos planos de educação, a fim de viabilizar sua plena execução.
Em conformidade com a finalidade prevista no PNE de assegurar dotações orçamentárias para seu pleno cumprimento, esta emenda pretende ampliar recursos com vistas à implantação do CAQi, que já deveria ter ocorrido em 2016. Utilizando-se mecanismo de financiamento existente no Fundeb, a União cumpre plenamente sua competência constitucional de exercer as funções redistributiva e supletiva no combate às desigualdades educacionais regionais, com especial atenção às regiões Norte e Nordeste. Cabe mencionar que essa complementação, nos termos do art. 107. § 6º - I, do ADCT, não se submete ao limite de gastos imposto pela EC nº 95, de 2016."
2020,280,Professora Dorinha Seabra Rezende,Deputado Federal,Texto da Lei,Aditiva,Corpo da lei,A,I,,21,,,,,Art.021-A - Alocação de recursos no MEC para cumprimento das metas do PNE; implantação do Custo Aluno Qualidade inicial,S,26930009,"Art. 21-A. A alocação de recursos na área de Educação terá por objetivo, na Lei Orçamentária de 2020, o cumprimento das metas previstas no Plano Nacional de Educação, Lei no 13.005, de 25 de junho de 2014.
Parágrafo único. A alocação de recursos de que trata o caput deverá buscar a implantação do Custo Aluno Qualidade inicial - CAQi, nos termos da estratégia 20.6 do Plano Nacional de Educação","Esta emenda tem como finalidade apoiar o pleno cumprimento às metas do Plano Nacional de Educação 2014-2024, por meio de dotações a serem incluídas na lei orçamentária para 2020. 
O art. 10 da Lei do PNE estabelece que o plano plurianual, as diretrizes orçamentárias e os orçamentos anuais da União, dos Estados, do Distrito Federal e dos Municípios serão formulados de maneira a assegurar a consignação de dotações orçamentárias compatíveis com suas diretrizes, metas e estratégias e com os respectivos planos de educação, a fim de viabilizar sua plena execução.
Além disso, a presente proposição visa estimular a alocação de recursos para a implantação do Custo Aluno Qualidade inicial ? CAQi (estratégia 20.6 do PNE), cujo prazo para previsto no PNE era 2016."
2020,280,Assis Carvalho,Deputado Federal,Texto da Lei,Aditiva,Corpo da lei,A,I,,21,,,,,Art.021-A - Alocação de recursos no MEC para cumprimento das metas do PNE; implantação do Custo Aluno Qualidade inicial,S,27050006,"Art. 22. A alocação de recursos na área de Educação, no Projeto e na Lei Orçamentária de 2019, terá por objetivo o cumprimento das metas previstas no Plano Nacional de Educação, aprovado pela Lei nº 13.005, de 25 de junho de 2014.
Parágrafo único. A alocação de recursos de que trata o caput deverá buscar a
implantação do Custo Aluno Qualidade inicial - CAQi, nos termos da estratégia do Plano Nacional de Educação.",Esta emenda objetiva obrigar o Governo a cumprir as Metas do PNE e implantar o Custo Aluno Qualidade inicial - CAQi
2020,280,Danilo Cabral,Deputado Federal,Texto da Lei,Modificativa,Corpo da lei,M,I,,21,,,,,Art.021-A - Custo Aluno Qualidade inicial X aumento da complementação da União ao Fundeb,S,27190006,"Art. 21-A. Com vistas à implantação do Custo Aluno Qualidade inicial (CAQi) de que trata o Plano Nacional de Educação (Lei no 13.005, de 25 de junho de 2014), a Lei Orçamentária de 2020 deverá ampliar, para além do mínimo previsto no art. 60, VII, do Ato das Disposições Constitucionais Transitórias, as dotações orçamentárias destinadas à complementação da União ao Fundo de Manutenção e Desenvolvimento da Educação Básica e de Valorização dos Profissionais da Eduação - FUNDEB.","A estratégia 20.6 do Plano Nacional de Educação (PNE) obrigava até 2016 a implantação do Custo Aluno-Qualidade inicial ? CAQi para educação básica, referenciado no conjunto de padrões mínimos estabelecidos na legislação educacional e cujo financiamento será calculado com base nos respectivos insumos indispensáveis ao processo de ensino-aprendizagem e será progressivamente reajustado até a implementação plena do Custo Aluno Qualidade ? CAQ. 

O art. 10 da Lei do PNE estabelece que o plano plurianual, as diretrizes orçamentárias e os orçamentos anuais da União, dos Estados, do Distrito Federal e dos Municípios serão formulados de maneira a assegurar a consignação de dotações orçamentárias compatíveis com suas diretrizes, metas e estratégias e com os respectivos planos de educação, a fim de viabilizar sua plena execução.

Em conformidade com a finalidade prevista no PNE de assegurar dotações orçamentárias para seu pleno cumprimento, esta emenda pretende ampliar recursos com vistas à implantação do CAQi, que já deveria ter ocorrido em 2016. Utilizando-se mecanismo de
financiamento existente no Fundeb, a União cumpre plenamente sua competência constitucional de exercer as funções redistributiva e supletiva no combate às desigualdades educacionais regionais, com especial atenção às regiões Norte e Nordeste.

Cabe mencionar que essa complementação, nos termos do art. 107. § 6º - I, do ADCT, não se submete ao limite de gastos imposto pela EC nº 95, de 2016."
2020,280,Danilo Cabral,Deputado Federal,Texto da Lei,Aditiva,Corpo da lei,A,I,,21,,,,,Art.021-A - reajuste de bolsas de estudos de pós graduação pelo INPC,S,27190007,"Art. 21A. As bolsas de estudos de pós graduação, do governo federal, serão reajustadas conforme o Índice Nacional de Preço ao Consumidor (INPC)dos últimos seis anos.","Os países que mais investem em pesquisa científica e tecnológica são também, e não por acaso, as maiores potências em desenvolvimento econômico, social e político do mundo. A Ciência, Tecnologia e Inovação não podem ser pensadas desvinculadas das questões que tocam a pós-graduação e valorização do pós-graduando como ator protagonista das transformações econômicas e sociais que o país atravessou. Os pós-graduandos são responsáveis diretamente por quase 90% da ciência produzida no país entretanto vivem sob condições precárias para realizar suas pesquisas, sem direitos trabalhistas e previdenciários.

Além disso, as bolsas de estudos, incentivos para a formação de recursos humanos, não possuem nenhum parâmetro para seu valor ou mecanismo de reajuste periódico. Essa bolsa, na maioria dos casos servem para a própria subsistência dos pós-graduandos, já que a própria exigência do trabalho de pesquisa dificulta ou impossibilita de exercer outras atividades ou até mesmo porque os termos de aceitação da bolsa os exigem dedicação exclusiva.

As bolsas de estudos com valores defasados, além de não permitirem condições dignas para o processo de fazer ciência e subsistência dos pós-graduandos, ainda dificultam o desenvolvimento cientifico do país.  Hoje, um recém-formado em engenharia, advocacia e administração, se entrarem no mercado de trabalho, possuem a possibilidade de receberem além de todos os direitos trabalhistas vigentes cerca de R$ 5.700,00, R$ 5.500, R$ R$ 2.458,00, respectivamente5. Esses valores bem mais atrativos que uma bolsa de mestrado, têm contribuído para diminuir o número profissionais interessados em continuar sua formação e ingressar na pós-graduação, o que diminui a possibilidade de crescer a quantidade de mestres e doutores formados no Brasil além de atrair novos talentos para pesquisa brasileira

A desvalorização da bolsa de estudos não é justa com quem se dedica tanto cotidianamente com o desenvolvimento da ciência brasileira. Estabelecer o reajuste periódico das bolsas de estudo, e assim, pavimentar um caminho de valorização do pós-graduando é permitir que a ciência brasileira continue sendo produzida e dar um passo decisivo nessas áreas estratégicas, capazes de desenvolver tecnologias e conhecimentos para a emancipação do país.

Diante do exposto solicitamos o deferimento da presente emenda."
2020,280,Danilo Cabral,Deputado Federal,Texto da Lei,Aditiva,Corpo da lei,A,I,,21,,,,,Art.021-A - Recursos mínimos para o MEC,S,27190013,Art. 21A. Os recursos destinados para as programações no âmbito do Ministério da Educação não serão inferiores à Lei Orçamentária Anual 2019.,"Acredita-se que a Educação é o eixo motriz para o desenvolvimento do país e, como tal, deve ser a prioridade de qualquer governo. Assim, entende-se que é fundamental assegurar para o próximo ano ao menos um orçamento mínimo para o prosseguimento das atividades do Ministério da Educação. 
Ressalta-se ainda que o texto proposto é uma práxis de governos anteriores, integrando o texto da Lei de Diretrizes Orçamentárias (LDO) há anos, como forma de demonstrar que a prioridade do Estado é o investimento na Educação, que constitui o maior capital intelectual e social de um país."
2020,280,Aureo Ribeiro,Deputado Federal,Texto da Lei,Aditiva,Corpo da lei,A,I,,21,,,,,Art.021-A - Recursos mínimos para o MEC,S,27780001,"Art. 22. O Projeto de Lei Orçamentária de 2020 e a respectiva Lei destinarão recursos para as despesas do Ministério da Educação em montante, no mínimo, igual ao aprovado na Lei Orçamentária de 2019, corrigido na formado inciso II do § 1º do art. 107 do Ato das Disposições Constitucionais Transitórias.","Acredita-se que a Educação é o eixo motriz para o desenvolvimento do país e, como tal, deve ser a prioridade de qualquer governo. Assim, entende-se que é fundamental assegurar para o próximo ano ao menos um orçamento mínimo para o prosseguimento das atividades do Ministério da Educação. 

Ressalta-se ainda que o texto proposto é uma práxis de governos anteriores, integrando o texto da Lei de Diretrizes Orçamentárias (LDO) há anos, como forma de demonstrar que a prioridade do Estado é o investimento na Educação, que constitui o maior capital intelectual e social de um país."
2020,280,Pedro Uczai,Deputado Federal,Texto da Lei,Aditiva,Corpo da lei,A,I,,21,,,,,,,28550004,"Art. 21-A. A alocação de recursos na área de Educação terá por objetivo, no Projeto e na Lei Orçamentária de 2020, o cumprimento das metas previstas no Plano Nacional de Educação, Lei nº 13.005, de 25 de junho de 2014.","A presente emenda objetiva restabelecer dispositivo constante da LDO/2016 (Lei nº 13.242, de 30 de dezembro de 2015, art. 22), a fim de que se dê pleno cumprimento às metas do Plano Nacional de Educação 2014-2024, por meio de dotações a serem incluídas na lei orçamentária para 2020, compatíveis com suas diretrizes, metas e estratégias e com os respectivos planos de educação, de modo a viabilizar sua plena execução."
2020,280,Bohn Gass,Deputado Federal,Texto da Lei,Aditiva,Corpo da lei,A,I,,21,,,,,Art.021-A - reajuste do salário mínimo (INPC + crescimento real do PIB de 2018),S,28620005,"Art. 22. Os reajustes do salário mínimo para 2020 corresponderão à variação do Índice Nacional de Preços ao Consumidor (INPC), calculado e divulgado pela Fundação Instituto Brasileiro de Geografia e Estatística (IBGE), acumulada nos 12 (doze) meses anteriores ao mês do reajuste e a título de aumento real, será aplicado o percentual equivalente à taxa de crescimento real do PIB, apurada pelo IBGE, para o ano de 2018.","Objetiva esta emenda manter uma política de valorização do salário mínimo e dos benefícios pagos pelo Regime Geral de Previdência Social (RGPS) para o ano de 2020, na forma que vinha sendo estabelecida até o exercício de 2019 pela Lei nº 13.152, de 29/07/2015.

O salário mínimo dos brasileiros, caso não fosse implementada a política de valorização, em 2004 no governo Lula, seria  no ano 2019, segundo o Dieese, de R$ 573,00 ante o valor atual de R$ 998,00. Ou seja, os trabalhadores brasileiros estariam perdendo todo mês a importância de R$ 425,00.

Deve-se, ainda, observar que segundo essa mesma a entidade, o piso nacional para 2019 deveria ser de R$ 3.960,57, valor estimado.

Dessa forma, a metodologia disposta na lei vigente precisa ser mantida para assegurar o mínimo de condições de subsistência digna para os trabalhadores. Aliás, salienta-se que os trabalhadores já sofrem as consequências da retirada de muitos de seus direitos com as alterações das leis trabalhistas aprovadas no governo Temer."
2020,280,Maurício Dziedricki,Deputado Federal,Texto da Lei,Aditiva,Corpo da lei,A,I,,21,,,,,Art.021-A - Recursos mínimos para proteção de pessoas com deficiência ou idosas,S,28730019,"Art. 22. Os recursos destinados para as ações de proteção às pessoas com deficiência e às pessoas idosas na Lei Orçamentária de 2020 não serão inferiores aos autorizados na Lei Orçamentária de 2019, corrigidos pela variação do IPCA acumulada de janeiro de 2018 a junho de 2019.","Os recursos alocados para as ações de as ações destinadas à proteção de pessoas com deficiência e de pessoas idosas são claramente insuficientes.  E, para enfrentar os desafios de superação da vulnerabilidade a que estas pessoas estão sujeitas  é fundamental que seja garantida a execução de valores não inferiores aos autorizados na Lei Orçamentária de 2020 para estas ações."
2020,280,Eduardo Braga,Senador,Texto da Lei,Aditiva,Corpo da lei,A,I,,21,,,,,Art.021-A - reajuste do salário mínimo (INPC + crescimento real do PIB de 2018),S,29090003,"Art. 21-A Ficam estabelecidas as diretrizes da política de valorização do salário-mínimo, em 2020, a serem aplicadas em 1º de janeiro.
§ 1º O reajuste para a preservação do poder aquisitivo do salário mínimo corresponderá à expectativa de inflação contida nesta lei e em seus anexos, para 2020, medida pelo Índice Nacional de Preços ao Consumidor (INPC).
§ 2º A título de aumento real, será utilizada a taxa de crescimento do Produto Interno Bruto per capita (PIB per capita) apurada pelo IBGE correspondente aos seguintes percentuais:
I – em 2020, será aplicado o percentual equivalente à taxa de crescimento do PIB per capita, apurada pelo IBGE, para o ano de 2018;","O salário mínimo no Brasil tem uma importância vital como regulador do mercado de trabalho e da própria economia. Além de contemplar direta e indiretamente cerca de 50 milhões de trabalhadores formais e informais, o salário mínimo é o valor de referência para outros 4,6 milhões de brasileiros que recebem o Benefício de Prestação Continuada (BPC), de caráter assistencial, representando ainda o piso do benefício previdenciário que afeta diretamente 23 milhões de pessoas.
Tendo tal importância, o salário mínimo deve ser objeto de uma atenção especial por parte do Governo. Seu reajuste interfere na vida de quase 80 milhões de indivíduos. Os efeitos macroeconômicos do salário mínimo como variável de reajuste são assim extraordinários. O crescimento de seu valor real tem impactos importantes sobre o incremento do consumo e consequentemente sobre o agregado econômico.
É certo que, no momento atual, de grandes pressões sobre as contas públicas e sobre a própria saúde financeira do sistema previdenciário, um aumento exacerbado do valor do salário mínimo pode ter um impacto fiscal negativo. Há que se ter em mente que as despesas previdenciárias e assistenciais, que têm um peso cada vez mais significativo nas contas públicas, estão diretamente relacionadas às variações do valor do salário mínimo.
É por esse motivo que estamos submetendo a nossos pares, para o período 2020-2023, uma nova política de reajuste do salário mínimo, pautada pela garantia de reposição das perdas inflacionárias, mas que também assegure um aumento real, desde que dentro de limites que respeitem as condições atuais das contas públicas.
Para isso, propomos duas inovações. A primeira visa introduzir maior flexibilidade para apuração dos índices de reajuste, por isso incluímos a expectativa de inflação futura projetada pela Lei de Diretrizes Orçamentárias para o ano do reajuste. Esse mecanismo visa fortalecer as decisões no âmbito do Poder Legislativo e sinalizar as expectativas quanto à correção objetivamente aplicável ao salário mínimo.
A segunda inovação é a substituição, como índice de aumento real, do crescimento do PIB, como o fixado pela política executada entre 2015 e 2019, pela variação positiva do PIB per capita dos vinte e quatro meses que antecedam ao reajuste. Buscamos o estabelecimento de um índice cuja variação seja mais branda e, ao mesmo tempo, mais próxima dos reais ganhos de produtividade do trabalho, já que o aumento do PIB per capita passa a ser balizado pelo crescimento populacional.
Desse modo, o que estamos propondo com este Projeto de Lei é justamente a busca de um meio termo, tendo em vista os diversos interesses e posições. Um valor que proporcione ao salário mínimo um aumento real mais consentâneo com a nossa realidade. Um salário mínimo que tenha aumentos reais que o tornem factível.
Por fim, acreditamos garantir um aumento do salário mínimo que seja compatível com a preservação do padrão de vida do trabalhador e dos beneficiários de nossa Seguridade Social, respeitando a saúde financeira e fiscal das contas públicas."
2020,280,Carmen Zanotto,Deputado Federal,Texto da Lei,Aditiva,Corpo da lei,A,I,,21,,,,,Art.036A - Diretriz SUS Ampliação ASPS- Crescimento Populacional Anual (Manter Valor Per Capita Aplicação),S,29250011,"Art. O Projeto de Lei Orçamentária de 2020 e a respectiva Lei destinarão recursos:

I - as ações e serviços públicos de saúde de que trata o § 2º do art. 198 da Constituição, garantir a aplicação equivalente, no mínimo, ao montante apurado na forma do inciso II do art. 110 do Ato das Disposições Constitucionais Transitórias para aplicação em 2019, acrescido da taxa de crescimento populacional estimada pelo IBGE;”

II - ampliar as dotações obrigatórias do Ministério da Saúde para custeio do piso de atenção básica em saúde e da atenção à saúde da população para procedimentos em média e alta complexidade em pelo menos 5% (cinco por cento) do montante empenhado nas respectivas programações em 2019.”

§ 1º Atendidas as exigências previstas em ato próprio do Ministério da Saúde, pedidos de habilitação ou credenciamento para custeio obrigatório de unidades do Sistema Único de Saúde deverão ser apreciados no prazo de 120 (cento e vinte) dias, cabendo ao órgão adotar as medidas cabíveis para prover os recursos orçamentários e financeiros necessários.",A presente emenda visa resgatar o texto do PLOA/2019 aprovado pelo Congresso Nacional em 2018. Com essas alterações assegurar-se-á de forma mais eficaz o acesso da população aos serviços de saúde.
2020,280,Bacelar,Deputado Federal,Texto da Lei,Aditiva,Corpo da lei,A,I,,21,,,,,,,30510008,"Art. 21-A. Tendo como referência as dotações do projeto de lei orçamentária para 2019, o acréscimo de recursos decorrentes da exploração de petróleo e gás natural, de que trata a Lei nº 12.858, de 2013, destinados à União para aplicações em educação, no projeto de lei orçamentária para 2020, deverão corresponder a, no mínimo, ao acréscimo das dotações no âmbito do Ministério da Educação.","A destinação para educação de parcela da participação no resultado ou da compensação financeira pela exploração de petróleo e gás natural surgiu com as elevadas expectativas de arrecadação de receitas para União decorrentes da exploração de áreas do Pré-Sal. Esses recursos deveriam representar aumento de investimentos para a educação com vistas ao cumprimento das metas do Plano Nacional de Educação. Porém, desde 2014, observa-se o incremento de fontes originarias do petróleo, com previsão de R$ 11 bilhões para 2019, sem que isso de fato implicasse expansão da cobertura escolar. Esta emenda tem como finalidade fazer com que esses recursos, com projeções de acentuado aumento para os próximos anos, representem efetivamente maiores aplicações por parte do ministério da Educação."
2020,280,Edmilson Rodrigues,Deputado Federal,Texto da Lei,Aditiva,Corpo da lei,A,I,,21,,,,,Art.021-A - Custo Aluno Qualidade inicial X aumento da complementação da União ao Fundeb,S,30870007,"Art. 21-A. Com vistas à implantação do Custo Aluno Qualidade inicial (CAQi) de que trata o Plano Nacional de Educação (Lei no 13.005, de 25 de junho de 2014), o Projeto e a Lei Orçamentária de 2020 deverão ampliar, para além do mínimo previsto no art. 60, VII, do Ato das Disposições Constitucionais Transitórias, as dotações orçamentárias destinadas à complementação da União ao Fundo de Manutenção e Desenvolvimento da Educação Básica e de Valorização dos Profissionais da Educação – Fundeb.","Esta emenda tem como finalidade dar pleno cumprimento às metas do Plano Nacional de Educação 2014-2024, por meio de dotações a serem incluídas na lei orçamentária para 2020. 

O art. 10 da Lei do PNE estabelece que o plano plurianual, as diretrizes orçamentárias e os orçamentos anuais da União, dos Estados, do Distrito Federal e dos Municípios serão formulados de maneira a assegurar a consignação de dotações orçamentárias compatíveis com suas diretrizes, metas e estratégias e com os respectivos planos de educação, a fim de viabilizar sua plena execução."
2020,280,Edmilson Rodrigues,Deputado Federal,Texto da Lei,Aditiva,Corpo da lei,A,I,,21,,,,,Art.021-A - recursos mínimos para ações de promoção da igualdade de gênero e de combate à violência contra a mulher,S,30870008,"Art. 22. Os recursos destinados para as ações de promoção da igualdade de gênero e enfrentamento à violência contra a mulher na Lei Orçamentária de 2020 não serão inferiores aos autorizados na Lei Orçamentária de 2016, corrigidos pela variação do IPCA acumulada de janeiro de 2018 a junho de 2019.","As políticas de promoção da igualdade de gênero e de enfrentamento da violência contra a mulher vem sendo constantemente objeto de cortes orçamentários e estão frequentemente com baixa execução. Em 2016, por exemplo, foram destinados pouco mais de R$ 116 milhões para o Programa: Políticas para as Mulheres: Promoção da Autonomia e Enfrentamento à Violência. Contudo, só foram executados R$ 69 milhões. Em 2018, a execução foi de R$ 44,5 milhões e em 2019, apenas foram destinados R$ 34,5 milhões para o programa. Com o decréscimo anual dos valores, o programa fica inviabilizado. Pretende-se, com a emenda, resgatar ao menos o valor atualizado monetariamente de 2016."
2020,280,Edmilson Rodrigues,Deputado Federal,Texto da Lei,Aditiva,Corpo da lei,A,I,,21,,,,,Art.021-A - Recursos mínimos para o MEC,S,30870009,"O Projeto de Lei Orçamentária de 2020 e a respectiva Lei destinarão recursos para as despesas do Ministério da Educação em montante, no mínimo, igual ao aprovado na Lei Orçamentária de 2019, corrigido na forma do inciso II do § 1º do art. 107 do Ato das Disposições Constitucionais Transitórias.","O PLDO 2019 garantiu a preservação de recursos mínimos para o Ministério da Educação. Em face dos cortes que a área da educação tem sofrido, entendemos que o Poder Legislativo deve garantir, ao menos, que o Poder Executivo destine ao MEC o mesmo valor deste ano, corrigido pela inflação."
2020,280,Leandre,Deputado Federal,Texto da Lei,Aditiva,Corpo da lei,A,I,,21,,,,,Art.021-A - Recursos mínimos para o MEC,S,37020011,"art. 21-A O Projeto de Lei Orçamentária de 2020 e a respectiva Lei destinarão recursos para as despesas do Ministério da Educação em montante, no mínimo, igual ao aprovado na Lei Orçamentária de 2019, corrigido na forma do inciso II do § 1º do art. 107 do Ato das Disposições Constitucionais Transitórias.","Esta emenda tem como finalidade restabelecer dispositivo constante da Lei de Diretrizes Orçamentárias para 2019, a fim de que não haja perda de recursos destinados ao Ministério da Educação."
2020,280,Mariana Carvalho,Deputado Federal,Texto da Lei,Aditiva,Corpo da lei,A,I,,21,,,,,Art.021-A - Alocação de recursos no MEC para cumprimento das metas do PNE; implantação do Custo Aluno Qualidade inicial,S,37250006,"Art. 21-A. A alocação de recursos na área de Educação terá por objetivo, na Lei
Orçamentária de 2020, assegurar o cumprimento das metas previstas no Plano Nacional de Educação, Lei nº 13.005, de 25 de junho de 2014.

Parágrafo único. A alocação de recursos de que trata o caput deverá buscar a implantação do Custo Aluno Qualidade inicial - CAQi, nos termos da estratégia 20.6 do Plano Nacional de Educação.","Esta emenda tem como finalidade apoiar o pleno cumprimento das metas do Plano Nacional de Educação 2014-2024, por meio de dotações a serem incluídas na lei orçamentária para 2020. 

O art. 10 da Lei do PNE estabelece que o plano plurianual, as diretrizes orçamentárias e os orçamentos anuais da União, dos Estados, do Distrito Federal e dos Municípios serão formulados de maneira a assegurar a consignação de dotações orçamentárias compatíveis com suas diretrizes, metas e estratégias e com os respectivos planos de educação, a fim de viabilizar sua plena execução.

Além disso, a presente proposição visa estimular a alocação de recursos para a implantação do Custo Aluno Qualidade inicial ? CAQi (estratégia 20.6 do PNE), cujo prazo para previsto no PNE era 2016."
2020,280,Mariana Carvalho,Deputado Federal,Texto da Lei,Aditiva,Corpo da lei,A,I,,21,,,,,Art.021-A - Alocação de recursos no MEC para cumprimento das metas do PNE; implantação do Custo Aluno Qualidade inicial,S,37250007,"Art. 21-A. A alocação de recursos na área de Educação terá por objetivo, na Lei
Orçamentária de 2020, o cumprimento das metas previstas no Plano Nacional de Educação, Lei no 13.005, de 25 de junho de 2014.

Parágrafo único. A alocação de recursos de que trata o caput deverá buscar a implantação do Custo Aluno Qualidade inicial - CAQi, nos termos da estratégia 20.6 do Plano Nacional de Educação.","Esta emenda tem como finalidade apoiar o pleno cumprimento às metas do Plano Nacional de Educação 2014-2024, por meio de dotações a serem incluídas na lei orçamentária para 2020. 

O art. 10 da Lei do PNE estabelece que o plano plurianual, as diretrizes orçamentárias e os orçamentos anuais da União, dos Estados, do Distrito Federal e dos Municípios serão formulados de maneira a assegurar a consignação de dotações orçamentárias compatíveis com suas diretrizes, metas e estratégias e com os respectivos planos de educação, a fim de viabilizar sua plena execução.

Além disso, a presente proposição visa estimular a alocação de recursos para a implantação do Custo Aluno Qualidade inicial ? CAQi (estratégia 20.6 do PNE), cujo prazo para previsto no PNE era 2016."
2020,280,Mariana Carvalho,Deputado Federal,Texto da Lei,Aditiva,Corpo da lei,A,I,,21,,,,,,,37250018,"Art. 22. O Projeto de Lei  Orçamentaria  de 2020 e a respectiva  Lei destinarão recursos para as despesas do Ministério da Educação em montante, no mínimo, igual ao aprovado na Lei Orçamentária de 2019, corrigido na forma  do Inciso II do Paragrafo 1º do art. 107 do Ato das Disposições constitucionais Transitórias.","Acredita-se que a educação é o eixo motriz  para o desenvolvimento do país, como tal, deve ser a prioridade de qualquer governo. Assim, entende-se que é fundamental assegurar para o próximo ano ao menos um orçamento  mínimo para o prosseguimento das atividades  do Ministério da Educação. 
Ressalta-se ainda que o texto proposto é uma práxis de governo anteriores, integrando o texto da Lei  de Diretrizes  Orçamentarias (LDO) há anos, como forma de demonstrar  que a prioridade do Estado  é o investimento  na Educação  que constitui o maior capital intelectual e social de um país."
2020,280,Rafael Motta,Deputado Federal,Texto da Lei,Aditiva,Corpo da lei,A,I,,21,,,,,Art.021-A - destinação de recursos para o combate aos casos de suicídio,S,37420004,"Art. 21-A. Em consonância com a Lei nº 13.819, de 26 de abril de 2019, que instituiu a Política Nacional de Prevenção da Automutilação e do Suicídio, a ser implementada pela União, em cooperação com os Estados, o Distrito Federal e os Municípios, poderão ser destinados recursos do orçamento da União para o combate aos casos de suicídio por meio da adaptação ou requalificação de espaços públicos, na forma de instalação de grades, telas, redes ou quaisquer  outros meios de proteção.","JUSTIFICATIVA

A alteração proposta busca contribuir com o enfrentamento dos inúmeros casos de suicídio, os quais, em muitas ocasiões, ocorrem em pontes.

Em consonância com o disposto na Lei n.º 13.819/19, que Institui a Política Nacional de Prevenção da Automutilação e do Suicídio, a ser implementada pela União, em cooperação com os Estados, o Distrito Federal e os Municípios, esta emenda visa possibilitar a destinação de recurso da União para o combate aos casos de suicídios, pois o Brasil ocupa a triste colocação de oitavo país em número absoluto de suicídios, apresentando em média 31 casos por dia. Mas essa quantia pode ser maior, já que muitos casos não chegam a ser registrados como tais. 

De acordo com a Organização Mundial da Saúde, um dos fatores ambientais que se associam ao suicídio é a facilidade de acesso a meios que permitem a queda de altura. A instalação de grades, telas, redes ou qualquer outro meio de proteção existente com a finalidade de impedir atos suicidas traz um importante avanço às ações para sua prevenção.

Além dos efeitos negativos que um evento suicida gera para a comunidade, seu impacto psicológico é intenso, mesmo para os que não têm vínculo com a pessoa que veio a óbito.

Assim, a inclusão dessa possibilidade reduzirá a incidência do suicídio, além de ser recomendada como instrumento de prevenção universal.

Portanto, entende-se que esta emenda seja texto do PLDO 2020."
2020,280,Rafael Motta,Deputado Federal,Texto da Lei,Aditiva,Corpo da lei,A,I,,21,,,,,Art.021-A - Alocação de recursos no MEC para cumprimento das metas do PNE; implantação do Custo Aluno Qualidade inicial,S,37420010,"Art. 21-A. A alocação de recursos na área de Educação terá por objetivo, na Lei Orçamentária de 2020, assegurar o cumprimento das metas previstas no Plano Nacional de Educação, Lei nº 13.005, de 25 de junho de 2014.
Parágrafo único. A alocação de recursos de que trata o caput deverá buscar a implantação do Custo Aluno Qualidade inicial - CAQi, nos termos da estratégia 20.6 do Plano Nacional de Educação.","Esta emenda tem como finalidade apoiar o pleno cumprimento das metas do Plano Nacional de Educação 2014-2024, por meio de dotações a serem incluídas na lei orçamentária para 2020. 
O art. 10 da Lei do PNE estabelece que o plano plurianual, as diretrizes orçamentárias e os orçamentos anuais da União, dos Estados, do Distrito Federal e dos Municípios serão formulados de maneira a assegurar a consignação de dotações orçamentárias compatíveis com suas diretrizes, metas e estratégias e com os respectivos planos de educação, a fim de viabilizar sua plena execução.
Além disso, a presente proposição visa estimular a alocação de recursos para a implantação do Custo Aluno Qualidade inicial ? CAQi (estratégia 20.6 do PNE), cujo prazo para previsto no PNE era 2016."
2020,280,Wellington Fagundes,Senador,Texto da Lei,Aditiva,Corpo da lei,A,I,,21,,,,,Art.021-A - Alocação de recursos no MEC para cumprimento das metas do PNE; implantação do Custo Aluno Qualidade inicial,S,38050007,"Art. 21-A. A alocação de recursos na área de Educação terá por objetivo, na Lei Orçamentária de 2020, assegurar o cumprimento das metas previstas no Plano Nacional de Educação, Lei nº 13.005, de 25 de junho de 2014.
Parágrafo único. A alocação de recursos de que trata o caput deverá buscar a implantação do Custo Aluno Qualidade inicial - CAQi, nos termos da estratégia 20.6 do Plano Nacional de Educação","Esta emenda tem como finalidade apoiar o pleno cumprimento das metas do Plano Nacional de Educação 2014-2024, por meio de dotações a serem incluídas na lei orçamentária para 2020. 
O art. 10 da Lei do PNE estabelece que o plano plurianual, as diretrizes orçamentárias e os orçamentos anuais da União, dos Estados, do Distrito Federal e dos Municípios serão formulados de maneira a assegurar a consignação de dotações orçamentárias compatíveis com suas diretrizes, metas e estratégias e com os respectivos planos de educação, a fim de viabilizar sua plena execução.
Além disso, a presente proposição visa estimular a alocação de recursos para a implantação do Custo Aluno Qualidade inicial ? CAQi (estratégia 20.6 do PNE), cujo prazo para previsto no PNE era 2016."
2020,280,Jean Paul Prates,Senador,Texto da Lei,Aditiva,Corpo da lei,A,I,,21,,,,,Art.021-A - reajuste do salário mínimo (INPC + crescimento real do PIB de 2018),S,38860011,"Art. Art. X. No ano de 2020, o valor do salário mínimo corresponderá, no mínimo, à variação do Índice Nacional de Preço ao Consumidor, calculado e divulgado pela Fundação Instituto Brasileiro de Geografia e Estatística (IBGE), acumulada nos 12 (doze) meses até o último mês de novembro anterior ao reajuste, aplicando-se a este valor o percentual equivalente à taxa de crescimento real do Produto Interno Bruto (PIB), apurada pelo IBGE, para o ano de 2018.","O salário mínimo referencia a renda de cerca de 48 milhões de brasileiros, considerando os benefícios pagos pelo INSS e os rendimentos oriundos do trabalho. Nesse sentido, trata-se de instrumento central para estimular o consumo, que responde por cerca de 2/3 do PIB brasileiro, sob a ótica da demanda. Em 2019, o PIB não deve crescer mais do que 0,5%, havendo, inclusive, risco de recessão técnica no segundo trimestre.

Neste cenário, é fundamental adotar políticas de estímulo ao consumo para aquecer a economia, sobretudo diante do quadro de alto desemprego, que atinge 13 milhões de pessoas, e forte endividamento das famílias.

A presente emenda propõe fixar o salário mínimo de 2020, considerando a variação prevista do INPC acumulada nos 12 (doze) meses até o último mês de novembro anterior ao reajuste, mais o crescimento real do PIB de 2018 (1,1%). Desta forma, estima-se a injeção na economia de mais R$ 7 bilhões, em comparação com a proposta do governo, que prevê o salário mínimo reajustado apenas pela inflação. Caso seja aprovado, o novo valor estimulará a retomada da economia brasileira, o aumento da renda do trabalho e dos benefícios pagos pelo INSS."
2020,280,Jean Paul Prates,Senador,Texto da Lei,Aditiva,Corpo da lei,A,I,,21,,,,,Art.021-A - reajuste do salário mínimo (INPC + crescimento real do PIB de 2018),S,38860012,"Art. 22. Os reajustes do salário-mínimo para 2020 corresponderão à variação do Índice Nacional de Preços ao Consumidor (INPC), calculado e divulgado pela Fundação Instituto Brasileiro de Geografia e Estatística (IBGE), acumulada nos 12 (doze) meses até o último mês de novembro anterior ao reajuste e a título de aumento real, será aplicado o percentual equivalente à taxa de crescimento real do PIB, apurada pelo IBGE, para o ano de 2018.","Objetiva esta emenda manter uma política de valorização do salário-mínimo e dos benefícios pagos pelo Regime Geral de Previdência Social (RGPS) para o ano de 2020, na forma que vinha sendo estabelecida até o exercício de 2019 pela Lei nº 13.152, de 29/07/2015.

O salário mínimo dos brasileiros, caso não fosse implementada a política de valorização, em 2004 no governo Lula, seria  no ano 2019, segundo o Dieese, de R$ 573,00 ante o valor atual de R$ 998,00. Ou seja, os trabalhadores brasileiros estariam perdendo todo mês a importância de R$ 425,00.

Deve-se, ainda, observar que segundo essa mesma a entidade, o piso nacional para 2019 deveria ser de R$ 3.960,57, valor esti

Dessa forma, a metodologia disposta na lei vigente precisa ser mantida para assegurar o mínimo de condições de subsistência digna para os trabalhadores."
2020,280,Jean Paul Prates,Senador,Texto da Lei,Aditiva,Corpo da lei,A,I,,21,,,,,Art.021-A - Garantia de empenho mínimo no MEC,S,38860013,"Art. 22. Para a execução orçamentária de 2020, é fixada como diretriz no âmbito das
ações de manutenção e desenvolvimento do ensino de que trata o art. 212 da Constituição a garantia de empenhamento mínimo equivalente ao montante de execução calculado nos termos do inciso II do art. 110 do Ato das Disposições Constitucionais 2020, com base na população projetada pelo IBGE.","Visa garantir que os recursos destinados à educação sejam corrigidos pela variação do IPCA, levando em consideração, a taxa de crescimento populacional conforme estimativa do IBGE, para o exercício de 2020. 

Isso se faz necessário devido a implantação do Novo Regime Fiscal (EC nº 95/2016) que reduziu o mínimo constitucional da saúde, não atendo, assim, as necessidades reais da população."
2020,280,Alencar Santana,Deputado Federal,Texto da Lei,Aditiva,Corpo da lei,A,I,,21,,,,,Art.021-A - Alocação de recursos no MEC para cumprimento das metas do PNE; implantação do Custo Aluno Qualidade inicial,S,39050006,"Art. 22. A alocação de recursos na área de Educação, no Projeto e na Lei Orçamentária de 2020, terá por objetivo o cumprimento das metas previstas no Plano Nacional de Educação, aprovado pela Lei nº 13.005, de 25 de junho de 2014.
Parágrafo único. A alocação de recursos de que trata o caput deverá buscar a
implantação do Custo Aluno Qualidade inicial - CAQi, nos termos da estratégia do Plano Nacional de Educação.",Esta emenda objetiva obrigar o Governo a cumprir as Metas do PNE e implantar o Custo Aluno Qualidade inicial - CAQi
2020,280,Áurea Carolina,Deputado Federal,Texto da Lei,Aditiva,Corpo da lei,A,I,,21,,,,,Art.021-A - recursos mínimos para financiamento a empreendedores culturais,S,39160007,"Art. 21-A.  No Projeto de Lei Orçamentária de 2020 e na respectiva Lei, os recursos destinados para as ações de concessão de financiamento a empreendedores culturais (Lei nº 8.313, de 1991), sob supervisão do Fundo Nacional de Cultura, não serão
inferiores aos autorizados na Lei Orçamentária de 2019, corrigidos pela variação do IPCA acumulado de janeiro de 2018 a junho de 2019.","O Objetivo do Fundo Nacional da Cultura, criado pela Lei nº 8.313, de 1991 é a concessão de empréstimos para financiamento de empreendimentos culturais. Visa financiar empreendimentos culturais de pessoas físicas ou jurídicas privadas, com o objetivo de  promover, difundir e fomentar a cultura no país.

Importante observar que as dotações destinadas ao Fundo nos orçamentos da União não tem se alterado ao longo do tempo. A presente emenda visa garantir que os recursos destinados ao Fundo sejam no mínimo aqueles previstos na Lei Orçamentária de 2019, corrigidos pela inflação medida pelo IPCA, garantindo, assim, esta importante fonte de financiamento para a cultura nacional, tão carente de recursos e de incentivos."
2020,280,Áurea Carolina,Deputado Federal,Texto da Lei,Aditiva,Corpo da lei,A,I,,21,,,,,Art.021-A - gastos com educação correspondentes a 10% do PIB,S,39160008,"Art. 21-A. No Projeto de Lei Orçamentária de 2020, e na respectiva Lei, os recursos destinados para as ações relativas à educação serão correspondentes a, no mínimo, dez por cento do Produto Interno Bruto, apurado em 2018 pelo Instituto Brasileiro de Geografia e Estatística (IBGE), em cumprimento à meta 20 prevista no Anexo de Metas e Estratégias da Lei nº 13.005, de 25 de junho de 2014 que aprovou o Plano Nacional de Educação - PNE;","O Plano Nacional de Educação tem o objetivo de articular o sistema nacional de educação em regime de colaboração e assegurar a manutenção e desenvolvimento do ensino por meio de ações integradas das diferentes esferas federativas, com vistas ao cumprimento do disposto no art. 214 da Constituição Federal.

O Plano em seu art. 2º estabeleceu como suas diretrizes:

I - erradicação do analfabetismo ;
II - universalização do atendimento escolar;
III - superação das desigualdades educacionais, com ênfase na promoção da cidadania e na erradicação de todas as formas de discriminação;
IV - melhoria da qualidade da educação;
V - formação para o trabalho e para a cidadania, com ênfase nos valores morais e éticos em que se fundamenta a sociedade;
VI - promoção do princípio da gestão democrática da educação pública;
VII - promoção humanística, científica, cultural e tecnológica do País;
VIII - estabelecimento de meta de aplicação de recursos públicos em educação como proporção do Produto Interno Bruto - PIB, que assegure atendimento às necessidades de expansão, com padrão de qualidade e equidade;
IX - valorização dos (as) profissionais da educação;
X - promoção dos princípios do respeito aos direitos humanos, à diversidade e à sustentabilidade socioambiental.

O Anexo à Lei nº 13005, de 25 de junho de 2014 previu várias metas e estratégias a serem observadas e alcançadas. 

A Meta 20 prevê a ampliação do investimento público em educação pública de forma a atingir, no mínimo, o patamar de 7% (sete por cento) do Produto Interno Bruto - PIB do País no 5º (quinto) ano de vigência desta Lei e, no mínimo, o equivalente a 10% (dez por cento) do PIB ao final do decênio.

Esta meta não vem sendo refletida na Lei Orçamentária da União, motivo pelo qual se propõe a presente emenda para que seja destinado, no mínimo 10% do PIB para as ações de educação, de modo a atingirmos os objetivos traçados no PNE 2014-2024"
2020,280,Áurea Carolina,Deputado Federal,Texto da Lei,Aditiva,Corpo da lei,A,I,,21,,,,,Art.021-A - garantia de recursos para promoção da igualdade racial,S,39160014,"Art. 22. Na elaboração da LOA 2020 serão garantidos recursos para as políticas, ações e programas de promoção da igualdade racial desenvolvidas pelo governo federal tais como o Sistema Nacional de Promoção da Igualdade Racial – Sinapir, Políticas Afirmativas em Educação, SUS/SUAS sem Racismo, Mulheres Negras no Brasil, Juventude em Ação entre outros.","Dados recentes comprovam a necessidade de ações afirmativas, de caráter amplo, diante o grave quadro de desigualdade étnico-racial no qual nos encontramos. É possível dizer que só houve diminuição das desigualdades raciais nos períodos em que foram definidas políticas de Estado de inclusão. Diante os graves cortes orçamentários voltados para ações e programas dessa natureza nos últimos anos, faz-se necessário garantir a sua efetivação."
2020,280,Áurea Carolina,Deputado Federal,Texto da Lei,Aditiva,Corpo da lei,A,I,,21,,,,,"Art.021-A - garantia de recursos para reconhecimento, delimitação, demarcação e titulação de terras indígenas e quilombolas",S,39160015,"Art. 22. Na elaboração da LOA 2020 serão garantidos recursos para as políticas de reconhecimento, delimitação, demarcação e titulação das Terras Indígenas (TIs) e terras ocupadas por remanescentes das comunidades dos quilombos.","As Terras Indígenas são a base essencial à reprodução física e cultural dos mais de duzentos povos indígenas que habitam no Brasil. Nos últimos anos houve dramática diminuição dos orçamentos dotados para demarcação e fiscalização destas terras que se constituem de importante patrimônio material e imaterial de nosso país, que precisam ser demarcadas e protegidas. Em mesmo quadro se se encontram aos territórios quilombolas onde menos de 7% das terras reconhecidas como pertencentes a povos remanescentes de quilombos estão regularizadas. É fundamental a garantia do direito constitucional para reprodução sociocultural destes povos para as presentes e futuras gerações."
2020,280,Dr. Frederico,Deputado Federal,Texto da Lei,Aditiva,Corpo da lei,A,I,,21,,,,,,,39600027,"Art. 21-A Ficam estabelecidas as diretrizes da política de valorização do salário mínimo,em 2020, a serem aplicadas em 1º de janeiro.

§ 1º O reajuste para a preservação do poder aquisitivo do salário mínimo corresponderá à expectativa de inflação contida nesta lei e em seus anexos, para 2019, medida pelo Índice Nacional de Preços ao Consumidor (INPC).

§ 2º A título de aumento real, será utilizada a taxa de crescimento do Produto Interno Bruto per capita (PIB per capita) apurada pelo IBGE para 2018.

§ 3º Os reajustes e os aumentos fixados serão estabelecidos pelo Poder Executivo por
meio de decreto.","Esta emenda alinha-se com o PLS 3137/2019, por nós apresentado, que ?Dispõe sobre a política de valorização do salário mínimo e dos benefícios pagos pelo Regime Geral da Previdência Social (RGPS) para o período de 2020 a 2023.?. A justificação do mencionado
PLS é a seguinte:

?O salário mínimo no Brasil tem uma importância vital como regulador do mercado de trabalho e da própria economia. Além de contemplar direta e indiretamente cerca de 50 milhões de trabalhadores formais e informais, o salário mínimo é o valor de referência para outros 4,6 milhões de brasileiros que recebem o Benefício de Prestação Continuada (BPC), de caráter assistencial, representando ainda o piso do benefício previdenciário que afeta diretamente 23 milhões de pessoas.

Tendo tal importância, o salário mínimo deve ser objeto de uma atenção especial por parte do Governo. Seu reajuste interfere na vida de quase 80 milhões de indivíduos. Os efeitos macroeconômicos do salário mínimo como variável de reajuste são assim
extraordinários. O crescimento de seu valor real tem impactos importantes sobre o incremento do consumo e consequentemente sobre o agregado econômico.

É certo que, no momento atual, de grandes pressões sobre as contas públicas e sobre a própria saúde financeira do sistema previdenciário, um aumento exacerbado do valor do salário mínimo pode ter um impacto fiscal negativo. Há que se ter em mente que as despesas previdenciárias e assistenciais, que têm um peso cada vez mais significativo nas contas públicas, estão diretamente relacionadas às variações do valor do salário mínimo.

É por esse motivo que estamos submetendo a nossos pares, para o período 2020-2023, uma nova política de reajuste do salário mínimo, pautada pela garantia de reposição das perdas inflacionárias, mas que também assegure um aumento real, desde que dentro de limites que respeitem as condições atuais das contas públicas.

Para isso, propomos duas inovações. A primeira visa introduzir maior flexibilidade para apuração dos índices de reajuste, por isso incluímos a expectativa de inflação futura projetada pela Lei de Diretrizes Orçamentárias para o ano do reajuste. Esse mecanismo
visa fortalecer as decisões no âmbito do Poder Legislativo e sinalizar as expectativas quanto à correção objetivamente aplicável ao salário mínimo.

A segunda inovação é a substituição, como índice de aumento real, do crescimento do PIB, como o fixado pela política executada entre 2015 e 2019, pela variação positiva do PIB per capita dos vinte e quatro meses que antecedam ao reajuste. Buscamos o
estabelecimento de um índice cuja variação seja mais branda e, ao mesmo tempo, mais próxima dos reais ganhos de produtividade do trabalho, já que o aumento do PIB per capita passa a ser balizado pelo crescimento populacional.

Desse modo, o que estamos propondo com este Projeto de Lei é justamente a busca de um meio termo, tendo em vista os diversos interesses e posições. Um valor que proporcione ao salário mínimo um aumento real mais consentâneo com a nossa realidade. Um salário mínimo que tenha aumentos reais que o tornem factível.

Por fim, acreditamos garantir um aumento do salário mínimo que seja compatível com a preservação do padrão de vida do trabalhador e dos beneficiários de nossa Seguridade Social, respeitando a saúde financeira e fiscal das contas públicas.?"
2020,280,Marcelo Calero,Deputado Federal,Texto da Lei,Aditiva,Corpo da lei,A,I,,21,,,,,,,40390005,"Art. 21-A – Os recursos  destinados à fonte específica do Fundo Nacional da Cultura serão consignados na Lei Orçamentária de 2020 no montante integral estimado da arrecadação, de que tratam os artigos 15, inciso II, alínea b; 16 inciso II, alínea b; 18, inciso II alínea b e 20 inciso IV da Lei nº 13.756 de 12 de dezembro de 2018,no exercício correspondente.","O Fundo Nacional da Cultura ? FNC é um dos mecanismos do Programa Nacional De Apoio à Cultura - PRONAC, instituído pela Lei 8313 de 1991. O FNC tem a finalidade de promover a distribuição regional equitativa de recursos, apoiar áreas artísticas e culturais com menor possibilidade de desenvolvimento com recursos próprios e promover o aperfeiçoamento profissional e artístico de recursos humanos na área da cultura e apoiar projetos que possuam caráter sociocultural multiplicador.

A Lei 12.343/ 2010, que instituiu o Plano Nacional de Cultura-PNC define o FNC como o mecanismo central de fomento do Sistema Nacional de Cultura ? SNC, criado pleo Art.216-A da Constituição Federal. Para tanto, o Fundo Nacional da Cultura foi dotado de uma fonte de receita específica composta por 3% da arrecadação de concursos de prognósticos e loterias federais.  Esses  recursos são  historicamente a principal receita do FNC. A Lei 13.756/2018 alterou os percentuais e a forma de rateio dos repasses, mas preservou a destinação específica para o FNC. Quis o legislador garantir a provisão dos recursos necessários para que o FNC pudesse cumprir sua função precípuo. No entanto, a União vem retendo volumes significativos dos recursos arrecadados pela Caixa Econômica Federal, a título de reserva de contingência, em desacordo com o que determina a Lei de Responsabilidade Fiscal, em seu art. 9º, §2º, que limita a retenção de recursos apenas na medida exata da queda da receita. Assim, a presente proposta intenta garantir tratamento isonômico com as demais receitas da União."
2020,280,Paula Belmonte,Deputado Federal,Texto da Lei,Aditiva,Corpo da lei,A,I,,21,,,,,Art.021-A - garantia de recursos para infra-estrutura básica e de geração de empregos na RIDE DF/Entorno,S,40530004,"Art. 22 Fica assegurada a alocação de recursos necessários para atendimento dos programas e projetos prioritários de infra-estrutura básica e de geração de empregos, para a Região Integrada de Desenvolvimento do Distrito Federal e Entorno - RIDE, nos termos da Lei Complementar nº 94/1998.","A discussão acerca do aporte de recursos pela União no debate recente no Congresso Nacional ficou claro que a União deve alocar recursos para execução de programas e projetos prioritários para a Região Integrada de Desenvolvimento Econômico do Distrito Federal e Entorno, na forma prevista expressamente na LC 94/1998, em seu inciso I, do artigo 5º.

É cediço que a área de saúde, segurança pública e educação do Distrito Federal sofre uma enorme sobrecarga por atender praticamente a todos os Municípios Goianos e Mineiros que integram a RIDE/DF, sendo que praticamente apenas o Distrito Federal é responsável pela aplicação de recursos para poder suportar tal encargo.

Nesse sentido, a própria União deveria prever a alocação de recursos específicos para fins de desenvolvimento de projetos e programas específicos com vistas a implementar infraestrutura básica e a geração de empregos nesses Municípios, como forma de contribuir diretamente em um planejamento de desenvolvimento econômico, social e estrutural do local."
2020,280,Paula Belmonte,Deputado Federal,Texto da Lei,Aditiva,Corpo da lei,A,I,,21,,,,,,,40530026,"Art. 21-A Ficam estabelecidas as diretrizes da política de valorização do salário mínimo, em 2020, a serem aplicadas em 1º de janeiro.

§ 1º O reajuste para a preservação do poder aquisitivo do salário mínimo corresponderá à expectativa de inflação contida nesta lei e em seus anexos, para 2019, medida pelo Índice Nacional de Preços ao Consumidor (INPC).

§ 2º A título de aumento real, será utilizada a taxa de crescimento do Produto Interno Bruto per capita (PIB per capita) apurada pelo IBGE para 2018.

§ 3º Os reajustes e os aumentos fixados serão estabelecidos pelo Poder Executivo por
meio de decreto.","Esta emenda alinha-se com o PLS 3137/2019, por nós apresentado, que ?Dispõe sobre a política de valorização do salário mínimo e dos benefícios pagos pelo Regime Geral da Previdência Social (RGPS) para o período de 2020 a 2023.?. A justificação do mencionado
PLS é a seguinte:

?O salário mínimo no Brasil tem uma importância vital como regulador do mercado de trabalho e da própria economia. Além de contemplar direta e indiretamente cerca de 50 milhões de trabalhadores formais e informais, o salário mínimo é o valor de referência para outros 4,6 milhões de brasileiros que recebem o Benefício de Prestação Continuada (BPC), de caráter assistencial, representando ainda o piso do benefício previdenciário que afeta diretamente 23 milhões de pessoas.

Tendo tal importância, o salário mínimo deve ser objeto de uma atenção especial por parte do Governo. Seu reajuste interfere na vida de quase 80 milhões de indivíduos. Os efeitos macroeconômicos do salário mínimo como variável de reajuste são assim
extraordinários. O crescimento de seu valor real tem impactos importantes sobre o incremento do consumo e consequentemente sobre o agregado econômico.

É certo que, no momento atual, de grandes pressões sobre as contas públicas e sobre a própria saúde financeira do sistema previdenciário, um aumento exacerbado do valor do salário mínimo pode ter um impacto fiscal negativo. Há que se ter em mente que as despesas previdenciárias e assistenciais, que têm um peso cada vez mais significativo nas contas públicas, estão diretamente relacionadas às variações do valor do salário mínimo.

É por esse motivo que estamos submetendo a nossos pares, para o período 2020-2023, uma nova política de reajuste do salário mínimo, pautada pela garantia de reposição das perdas inflacionárias, mas que também assegure um aumento real, desde que dentro de limites que respeitem as condições atuais das contas públicas.

Para isso, propomos duas inovações. A primeira visa introduzir maior flexibilidade para apuração dos índices de reajuste, por isso incluímos a expectativa de inflação futura projetada pela Lei de Diretrizes Orçamentárias para o ano do reajuste. Esse mecanismo
visa fortalecer as decisões no âmbito do Poder Legislativo e sinalizar as expectativas quanto à correção objetivamente aplicável ao salário mínimo.

A segunda inovação é a substituição, como índice de aumento real, do crescimento do PIB, como o fixado pela política executada entre 2015 e 2019, pela variação positiva do PIB per capita dos vinte e quatro meses que antecedam ao reajuste. Buscamos o
estabelecimento de um índice cuja variação seja mais branda e, ao mesmo tempo, mais próxima dos reais ganhos de produtividade do trabalho, já que o aumento do PIB per capita passa a ser balizado pelo crescimento populacional.

Desse modo, o que estamos propondo com este Projeto de Lei é justamente a busca de um meio termo, tendo em vista os diversos interesses e posições. Um valor que proporcione ao salário mínimo um aumento real mais consentâneo com a nossa realidade. Um salário mínimo que tenha aumentos reais que o tornem factível.

Por fim, acreditamos garantir um aumento do salário mínimo que seja compatível com a preservação do padrão de vida do trabalhador e dos beneficiários de nossa Seguridade Social, respeitando a saúde financeira e fiscal das contas públicas.?"
2020,280,Professora Rosa Neide,Deputado Federal,Texto da Lei,Aditiva,Corpo da lei,A,I,,21,,,,,,,40610012,"Art. 21-A. A alocação de recursos na área de Educação, no Projeto e na Lei Orçamentária de 2020, terá por objetivo o cumprimento das metas previstas no Plano Nacional de Educação, aprovado pela Lei nº 13.005, de 25 de junho de 2014.

Parágrafo único. A alocação de recursos de que trata o caput deverá buscar a implantação do Custo Aluno Qualidade inicial - CAQi, nos termos das estratégias do Plano Nacional de Educação.","O pacto nacional produzido pelo Congresso Nacional e a sociedade para a condução da agenda educacional é o Plano Nacional de Educação, aprovado por unanimidade e sancionado sem vetos. 
Toda a sociedade brasileira, os parlamentares, as entidades nacionais do campo educacional, educadores/as e estudantes se envolveram fortemente na construção de um Plano de Estado para a educação no país, a cobrir quase três gestões de diferentes Presidentes da República e orientar o planejamento decenal das demais esferas federativas.
É necessário que ele fique caracterizado como prioridade da administração pública para a área de educação, gravando-o nos diferentes instrumentos de planejamento do país.
Esta emenda objetiva obrigar o Governo a cumprir as Metas do PNE e implantar o Custo Aluno Qualidade inicial - CAQi, nos termos da Lei nº 13.005/2014."
2020,280,Professora Rosa Neide,Deputado Federal,Texto da Lei,Aditiva,Corpo da lei,A,I,,21,,,,,,,40610014,"GARANTIA DE EXECUÇÃO INTEGRAL DO ORÇAMENTO PELAS INSTITUIÇÕES FEDERAIS

Art. 21-A. A alocação de recursos na área de Educação terá por objetivo, no Projeto e na Lei Orçamentária de 2019, o cumprimento das metas e estratégias previstas no Plano Nacional de Educação, instituído pela Lei nº 13.005, de 25 de junho de 2014.
Parágrafo único. A alocação de recursos de que trata o caput deverá buscar a implantação e consolidação, com prioridade, dos câmpus de Universidade e Institutos decorrentes da expansão e interiorização de unidades pelo país.","A situação das Instituições Federais de Educação, Universidade e Institutos, em todo o país é grave, o que não se verificava há anos, o que vem prejudicando milhões de estudantes, docentes, trabalhadores e a sociedade em geral. 
Após mais de uma década de forte expansão, interiorização e democratização de oportunidades à educação superior, com a ampliação das matrículas e o reforço as atividades típicas de ensino, pesquisa e extensão, o que se observa é uma preocupante retração dos investimentos e sobre o custeio das instituições que, inclusive, precisam consolidar seus processos de expansão. 
No presente momento a Câmara deve se dedicar a buscar alternativas de recuperação das Universidades e Institutos pela via de medidas estruturantes e novas fontes de financiamento que se acoplem às já existentes para que as metas do PNE (2014-2024) sejam efetivamente alcançadas, o que merece ser devidamente indicado e priorizado na LDO"
2020,280,Professora Rosa Neide,Deputado Federal,Texto da Lei,Aditiva,Corpo da lei,A,I,,21,,,,,,,40610018,"Art. 21-A A alocação de recursos na área de Educação terá por objetivo, no Projeto e na Lei Orçamentária de 2020, o cumprimento das metas previstas no Plano Nacional de Educação, Lei nº 13.005, de 25 de junho de 2014.","O pacto nacional produzido pelo Congresso Nacional e a sociedade para a condução da agenda educacional é o Plano Nacional de Educação, aprovado por unanimidade e sancionado sem vetos. 
Toda a sociedade brasileira, os parlamentares, as entidades nacionais do campo educacional, educadores/as e estudantes se envolveram fortemente na construção de um Plano de Estado para a educação no país, a cobrir quase três gestões de diferentes Presidentes da República e orientar o planejamento decenal das demais esferas federativas.
Esta emenda tem como finalidade restabelecer dispositivo central, a fim de que se dê pleno cumprimento às metas do Plano Nacional de Educação 2014-2024, por meio de dotações a serem incluídas na lei orçamentária para 2020.
O art. 10 da Lei do PNE estabelece que o plano plurianual, as diretrizes orçamentárias e os orçamentos anuais da União, dos Estados, do Distrito Federal e dos Municípios serão formulados de maneira a assegurar a consignação de dotações orçamentárias compatíveis com suas diretrizes, metas e estratégias e com os respectivos planos de educação, a fim de viabilizar sua plena execução.
É necessário que o PNE fique caracterizado como prioridade da administração pública, conforme já previsto em lei, gravando-o nos diferentes instrumentos de planejamento do país."
2020,280,Professora Rosa Neide,Deputado Federal,Texto da Lei,Modificativa,Corpo da lei,M,I,,21,,,,,,,40610020,"Art. 21-A. Os recursos destinados para as ações de promoção da igualdade de gênero, de enfrentamento à violência contra a mulher e aquelas voltadas aos povos indígenas, na Lei Orçamentária de 2020, não serão inferiores aos autorizados na Lei Orçamentária de 2019, corrigidos pela variação do IPCA acumulada de janeiro de 2018 a junho de 2019.","É fundamental assegurar patamares estáveis de financiamento para ações de promoção da igualdade de gênero, de enfrentamento à violência contra a mulher e aquelas voltadas aos povos indígenas.
É fundamental que seja garantida a execução de valores não inferiores aos autorizados na Lei Orçamentária de 2020 para estas ações."
2020,280,Talíria Petrone,Deputado Federal,Texto da Lei,Aditiva,Corpo da lei,A,I,,21,,,,,,,40700010,Art. 21-A - Garante 1% do PIB Para Políticas de Igualdade e Enfrentamento à violência contra a Mulher,"A presente emenda visa dar à Política de Combate e Enfrentamento à Violência contra as mulheres o destaque que esta importante medida precisa e que atualmente não dado. A ideia central é garantir recursos que permitam que seja dado o apoio técnico e
financeiro para a criação e o fortalecimento de organismos institucionais de políticas para as mulheres nos Estados e municípios visando o incentivo aos mecanismos de gênero nos Órgãos Públicos Federais, o fomento às iniciativas voltadas ao enfrentamento de
todas as formas de violência contra as mulheres e a consolidação dos serviços da rede de enfrentamento à violência contra as mulheres, bem como a promoção da autonomia econômica, social, sexual e a garantia de direitos, considerando as mulheres em sua
diversidade e especificidades."
2020,280,Talíria Petrone,Deputado Federal,Texto da Lei,Aditiva,Corpo da lei,A,I,,21,,,,,"Art.021-A - Recursos mínimos para ações de promoção da igualdade de gênero e de combate à violência contra a mulher, povos indígenas, quilombolas e",S,40700018,"Art. 22. Os recursos destinados para as ações de promoção da igualdade de gênero,  enfrentamento à violência contra a mulher, dos povos indígenas, quilombolas e povos tradicionais, na Lei Orçamentária de 2020 não serão inferiores aos autorizados na Lei Orçamentária de 2019, corrigidos pela variação do IPCA acumulada de janeiro de 2018 a junho de 2019.","Os recursos alocados para as ações de promoção da igualdade de gênero e enfrentamento à violência contra a mulher, para os povos indígenas, quilombolas e povos tradicionais foram sistematicamente reduzidos nos últimos anos. E, para enfrentar os desafios de superação da desigualdade entre homens e mulheres, é fundamental que seja garantida a execução de valores não inferiores aos autorizados na Lei Orçamentária de 2020 para estas ações."
2020,280,Vanderlan Cardoso,Senador,Texto da Lei,Aditiva,Corpo da lei,A,I,,21,,,,,,,40830014,"Art. 22. O Projeto de Lei Orçamentária de 2020 e a respectiva Lei destinarão recursos para as despesas do Ministério da Educação em montante, no mínimo, igual ao aprovado na Lei Orçamentária de 2019, corrigido na forma do inciso II do parágrafo 1º do art. 107 do Ato das Disposições Constitucionais Transitórias.","Considerando que a Educação é o eixo motriz para o desenvolvimento do país e , como tal, deve ser prioridade de qualquer governo, é fundamental assegurar para o próximo ano um orçamento mínimo para o prosseguimento das atividades do Ministério da Educação.
Considerando a necessidade de fortalecimento da educação pública no país e as ações desenvolvidas pelo Conselho Nacional das Instituições da Rede Federal de Educação Profissional, Científica e Tecnológica (CONIF).
Considerando que, em 2018, no texto aprovado pelo Congresso Nacional para o Projeto de Lei de Diretrizes Orçamentárias de 2019, continha o referido Art. 22 citado na aditiva do texto da Lei."
2020,280,Zenaide Maia,Senador,Texto da Lei,Aditiva,Corpo da lei,A,I,,21,,,,,Art.021-A - reajuste do salário mínimo (INPC + crescimento real do PIB de 2018),S,40910009,"Art. 21-A Ficam estabelecidas as diretrizes da política de valorização do salário-mínimo, em 2020, a serem aplicadas em 1º de janeiro.
§ 1º O reajuste para a preservação do poder aquisitivo do salário mínimo corresponderá à expectativa de inflação contida nesta lei e em seus anexos, para 2019, medida pelo Índice Nacional de Preços ao Consumidor (INPC).
§ 2º A título de aumento real, será utilizada a taxa de crescimento do Produto Interno Bruto per capita (PIB per capita) apurada pelo IBGE para 2018.
§ 3º Os reajustes e os aumentos fixados serão estabelecidos pelo Poder Executivo por meio de decreto.","Esta emenda alinha-se com o PLS 3137/2019, por nós apresentado, que ?Dispõe sobre a política de valorização do salário mínimo e dos benefícios pagos pelo Regime Geral da Previdência Social (RGPS) para o período de 2020 a 2023.?. A justificação do mencionado PLS é a seguinte:
?O salário mínimo no Brasil tem uma importância vital como regulador do mercado de trabalho e da própria economia. Além de contemplar direta e indiretamente cerca de 50 milhões de trabalhadores formais e informais, o salário mínimo é o valor de referência para outros 4,6 milhões de brasileiros que recebem o Benefício de Prestação Continuada (BPC), de caráter assistencial, representando ainda o piso do benefício previdenciário que afeta diretamente 23 milhões de pessoas.
Tendo tal importância, o salário mínimo deve ser objeto de uma atenção especial por parte do Governo. Seu reajuste interfere na vida de quase 80 milhões de indivíduos. Os efeitos macroeconômicos do salário mínimo como variável de reajuste são assim extraordinários. O crescimento de seu valor real tem impactos importantes sobre o incremento do consumo e consequentemente sobre o agregado econômico.
É certo que, no momento atual, de grandes pressões sobre as contas públicas e sobre a própria saúde financeira do sistema previdenciário, um aumento exacerbado do valor do salário mínimo pode ter um impacto fiscal negativo. Há que se ter em mente que as despesas previdenciárias e assistenciais, que têm um peso cada vez mais significativo nas contas públicas, estão diretamente relacionadas às variações do valor do salário mínimo.
É por esse motivo que estamos submetendo a nossos pares, para o período 2020-2023, uma nova política de reajuste do salário mínimo, pautada pela garantia de reposição das perdas inflacionárias, mas que também assegure um aumento real, desde que dentro de limites que respeitem as condições atuais das contas públicas.
Para isso, propomos duas inovações. A primeira visa introduzir maior flexibilidade para apuração dos índices de reajuste, por isso incluímos a expectativa de inflação futura projetada pela Lei de Diretrizes Orçamentárias para o ano do reajuste. Esse mecanismo visa fortalecer as decisões no âmbito do Poder Legislativo e sinalizar as expectativas quanto à correção objetivamente aplicável ao salário mínimo.
A segunda inovação é a substituição, como índice de aumento real, do crescimento do PIB, como o fixado pela política executada entre 2015 e 2019, pela variação positiva do PIB per capita dos vinte e quatro meses que antecedam ao reajuste. Buscamos o estabelecimento de um índice cuja variação seja mais branda e, ao mesmo tempo, mais próxima dos reais ganhos de produtividade do trabalho, já que o aumento do PIB per capita passa a ser balizado pelo crescimento populacional.
Desse modo, o que estamos propondo com este Projeto de Lei é justamente a busca de um meio termo, tendo em vista os diversos interesses e posições. Um valor que proporcione ao salário mínimo um aumento real mais consentâneo com a nossa realidade. Um salário mínimo que tenha aumentos reais que o tornem factível.
Por fim, acreditamos garantir um aumento do salário mínimo que seja compatível com a preservação do padrão de vida do trabalhador e dos beneficiários de nossa Seguridade Social, respeitando a saúde financeira e fiscal das contas públicas.?"
2020,280,Pedro Lucas Fernandes,Deputado Federal,Texto da Lei,Aditiva,Corpo da lei,A,I,,21,,,,,,,41250004,"Art. 21-A. No exercício de 2020, poderão ser destinados recursos para realização de estudos e elaboração de projetos intrínsecos à finalidade da ação orçamentária, sendo dispensada a alocação em ação específica, pela CODEVASF.","Esta emenda visa deixar claro que a elaboração de projeto está contemplada dentro do objeto da própria ação orçamentária que vise à execução de um projeto ou de uma obra. Como o objeto é o mesmo, entendemos ser desnecessária a alocação em ação específica para elaboração do projeto."
2020,280,Raimundo Costa,Deputado Federal,Texto da Lei,Aditiva,Corpo da lei,A,I,,21,,,,,,,41280001,"Inclua-se onde couber:
Artigo...-Na execução da ação de fomento a produção pesqueira e aquícola, e na ação de desenvolvimento a infraestrutura pesqueira e aquícola, no mínimo 30%(trinta por cento)deverão ser destinados a ações voltadas para pesca artesanal e aquicultura familiar, excluídas as emendas parlamentares individuais e de bancada.","Nosso país possui quase 7.500 quilômetros de costa e imensas bacias hidrográficas. Somos o 16º maior litoral nacional do mundo. 
Em pesquisa divulgada no ano de 2018, com dados levantados entre os anos de 2013 a 2015 pela Secretaria Especial de Aquicultura e Pesca - SEAP, indica a evolução do consumo médio de pescado em torno de 1,5% ao ano. Hoje, o consumo médio por habitante é de 20,5 kg por ano. Atualmente, a pesca artesanal corresponde a 90% da produção mundial e, no Brasil, corresponde a 45% da produção. Todavia, ainda que se posicione como um setor produtivo de destaque e em franca expansão, não se tem investimentos necessários e políticas públicas suficientes para o desenvolvimento desta atividade. Desta maneira, diante da dificuldade do pequeno e médio produtor no acesso ao crédito, e considerando a exponencial contribuição que o pescador artesanal oferece ao Brasil, recursos públicos são necessários para fomento da atividade, tanto para ações voltadas a investimento, quanto para ações de custeio. Esses recursos garantirão um aumento da produtividade, geração de empregos e o incentivo ao consumo de pescados, que é um alimento saudável e, diante do consumo mundial, o consumo brasileiro ainda é pouco."
2020,280,Sâmia Bomfim,Deputado Federal,Texto da Lei,Aditiva,Corpo da lei,A,I,,21,,,,,,,41300029,"Art. 21-A. No Projeto de Lei Orçamentária de 2020, e na respectiva Lei, os recursos destinados para as ações de promoção da igualdade de gênero e enfrentamento à violência contra a mulher não serão inferiores a um por cento do Produto Interno Bruto apurado em 2018 pelo Instituto Brasileiro de Geografia e Estatística (IBGE);","A presente emenda visa dar à Política de Combate e Enfrentamento à Violência contra as mulheres o destaque que esta importante medida precisa e que atualmente não dado. A ideia central é garantir recursos que permitam que seja dado o apoio técnico e financeiro para a criação e o fortalecimento de organismos institucionais de políticas para as mulheres nos Estados e municípios visando o incentivo aos mecanismos de gênero nos Órgãos Públicos Federais, o fomento às iniciativas voltadas ao enfrentamento de todas as formas de violência contra as mulheres e a consolidação dos serviços da rede de enfrentamento à violência contra as mulheres, bem como a promoção da autonomia econômica, social, sexual e a garantia de direitos, considerando as mulheres em sua diversidade e especificidades."
2020,280,Tabata Amaral,Deputado Federal,Texto da Lei,Aditiva,Corpo da lei,A,I,,21,,,,,,,41320002,"O Projeto de Lei Orçamentária de 2020 e a respectiva Lei destinarão recursos para as despesas do Ministério da Educação em montante, no mínimo, igual ao aprovado na Lei Orçamentária de 2019, corrigido na formado inciso II do § 1º do art. 107 do Ato das Disposições Constitucionais Transitórias.","Acredita-se que a Educação é o eixo motriz para o desenvolvimento do país e, como tal, deve ser a prioridade de qualquer governo. Assim, entende-se que é fundamental assegurar para o próximo ano ao menos um orçamento mínimo para o prosseguimento das atividades do Ministério da Educação. 

Ressalta-se ainda que o texto proposto é uma práxis de governos anteriores, integrando o texto da Lei de Diretrizes Orçamentárias (LDO) há anos, como forma de demonstrar que a prioridade do Estado é o investimento na Educação, que constitui o maior capital intelectual e social de um país."
2020,280,Izalci Lucas,Senador,Texto da Lei,Aditiva,Corpo da lei,A,I,,21,,,,,,,41360019,"Art. 21-A. A alocação de recursos da área de Educação terá por objetivo, na Lei Orçamentária de 2020, o cumprimento das metas previstas no Plano Nacional de Educação, Lei nº 13.005, de 25 de junho de 2014.
Parágrafo único. A alocação de recursos de que trata o caput deverá buscar a implantação do Custo Aluno Qualidade inicial - CAQi, nos termos da estratégia 20.6 do Plano Nacional de Educação","Esta emenda tem como finalidade apoiar o pleno cumprimento às metas do Plano Nacional de Educação 2014-2024, por meio de dotações a serem incluídas na lei orçamentária para 2020. 
O art. 10 da Lei do PNE estabelece que o plano plurianual, as diretrizes orçamentárias e os orçamentos anuais da União, dos Estados, do Distrito Federal e dos Municípios serão formulados de maneira a assegurar a consignação de dotações orçamentárias compatíveis com suas diretrizes, metas e estratégias e com os respectivos planos de educação, a fim de viabilizar sua plena execução.
Além disso, a presente proposição visa estimular a alocação de recursos para a implantação do Custo Aluno Qualidade inicial ? CAQi (estratégia 20.6 do PNE), cujo prazo para previsto no PNE era 2016."
2020,280,Kim Kataguiri,Deputado Federal,Texto da Lei,Aditiva,Corpo da lei,A,I,,21,,,,,,,41550009,"Art. 22. No Projeto de Lei Orçamentária de 2020 e na respectiva Lei, os valores relativos a publicidade e propaganda governamental, à exceção das áreas de saúde e educação, deverão corresponder a, no máximo, 70% do valor constante da Lei Orçamentária de 2019.","A presente emenda visa limitar os gastos governamentais com propaganda e publicidade, excluindo apenas os setores de saúde e educação. O Brasil vem passando por uma fase de seguidos déficits fiscais, ano após ano, reduzindo sua capacidade de investimento em áreas primordiais. Assim sendo, se faz necessário a redução de gastos em áreas que não se mostram cruciais para o desenvolvimento socioeconômico e bem estar da sociedade."
2020,280,Marcelo Freixo,Deputado Federal,Texto da Lei,Aditiva,Corpo da lei,A,I,,21,,,,,,,41600004,"Seção I Diretrizes Gerais
(...)
Art. 22. Os recursos destinados à ação do Censo Demográfico realizado em periodicidade decenal serão suficientes para garantir a integridade metodológica e a comparabilidade histórica do mesmo, sendo vedado ao Poder Executivo destinar recursos em patamar que comprometa a comparabilidade do questionário com as edições anteriores, ainda que parcialmente.","Sob justificativa da pressão fiscal por economia de recursos, o Governo tem ameaçado com cortes a realização do Censo 2020, o que comprometerá, segundo especialistas na área e técnicos do IBGE, o diagnóstico demográfico e econômico do País em áreas críticas como déficit habitacional, renda, emigração, etc. Caso sejam mantidos os cortes a perda será irreparável para a formulação de políticas habitacionais e assistenciais, entre outras, sobretudo considerando que diversos desses quesitos tem séries históricas e foram realizados no Censo 2010, necessitando atualização. O corte também não se justifica do ponto de vista econômico, porque descarta séries históricas importantíssimas, e essa ampla pesquisa de campo só se realiza de 10 em 10 anos."
2020,280,Marcelo Freixo,Deputado Federal,Texto da Lei,Aditiva,Corpo da lei,A,I,,21,,,,,Art.021-A - aumento de 20% no investimento em inteligência policial e prevenção da criminalidade,S,41600006,"Inclua-se no texto da LDO o seguinte Art. 22. Os recursos destinados pela União ao investimento em inteligência policial e ações de prevenção da criminalidade deverão sofrer um aumento nominal da ordem de 20%, em comparação com a Lei Orçamentária de 2019.","O investimento em segurança pública no País obedece a uma lógica que privilegia as grandes operações e o policiamento ostensivo, sem planejamento adequado, em detrimento do investimento em inteligência e em ações de prevenção, reconhecido por especialistas como crucial para efetiva redução dos índices de criminalidade. Essa política é ineficaz e o resultado é conhecido: 65 mil homicídios em 2017, 35 mil jovens assassinados, a maioria jovens pobres e negros. Para romper esse padrão é preciso uma profunda reestruturação no modelo de segurança pública. 

Considerando a União e os Estados, segundo levantamento do jornal O Globo em matéria de Fevereiro de 2019, a área de inteligência recebeu apenas 0.5% dos gastos de segurança pública. A União tem um papel a cumprir no apoio aos Estados, aumentando os recursos destinados à prevenção e à inteligência.

Fonte: https://oglobo.globo.com/brasil/area-de-inteligencia-recebe-apenas-05-dos-gastos-publicos-com-seguranca-23460136"
2020,280,Natália Bonavides,Deputado Federal,Texto da Lei,Aditiva,Corpo da lei,A,I,,21,,,,,,,41630008,"Art. 21. O Projeto de Lei Orçamentária de 2020 e a respectiva lei destinarão recursos para as despesas do Ministério da Educação em montante, no mínimo, igual ao aprovado na Lei Orçamentária de 2019, corrigido na forma do inciso II do §1º do art. 107 do Ato das Disposições Constitucionais Transitórias.","Trata-se de recuperar a garantia, já prevista na LDO de 2019, de que os recursos para despesas do MEC não serão inferiores àqueles aprovados no ano anterior."
2020,280,Natália Bonavides,Deputado Federal,Texto da Lei,Aditiva,Corpo da lei,A,I,,21,,,,,,,41630009,"NOVO ARTIGO - A alocação de recursos na área de Educação, no Projeto e na Lei Orçamentária de 2019, terá por objetivo o cumprimento das metas previstas no Plano Nacional de Educação, aprovado pela Lei nº 13.005, de 25 de junho de 2014.
Parágrafo único. A alocação de recursos de que trata o caput deverá buscar a
implantação do Custo Aluno Qualidade inicial - CAQi, nos termos da estratégia do Plano Nacional de Educação.",Esta emenda objetiva obrigar o Governo a cumprir as Metas do PNE e implantar o Custo Aluno Qualidade inicial - CAQi
2020,280,Tereza Nelma,Deputado Federal,Texto da Lei,Aditiva,Corpo da lei,A,I,,21,,,,,Art.021-A - Alocação de recursos no MEC para cumprimento das metas do PNE; implantação do Custo Aluno Qualidade inicial,S,41740015,"Art. 21-A. A alocação de recursos na área de Educação terá por objetivo, na Lei
Orçamentária de 2020, assegurar o cumprimento das metas previstas no Plano Nacional de
Educação, Lei nº 13.005, de 25 de junho de 2014.

Parágrafo único. A alocação de recursos de que trata o caput deverá buscar a implantação
do Custo Aluno Qualidade inicial - CAQi, nos termos da estratégia 20.6 do Plano Nacional
de Educação.","Esta emenda tem como finalidade apoiar o pleno cumprimento das metas do Plano Nacional
de Educação 2014-2024, por meio de dotações a serem incluídas na lei orçamentária para
2020. 

O art. 10 da Lei do PNE estabelece que o plano plurianual, as diretrizes orçamentárias e
os orçamentos anuais da União, dos Estados, do Distrito Federal e dos Municípios serão
formulados de maneira a assegurar a consignação de dotações orçamentárias compatíveis
com suas diretrizes, metas e estratégias e com os respectivos planos de educação, a fim
de viabilizar sua plena execução.

Além disso, a presente proposição visa estimular a alocação de recursos para a
implantação do Custo Aluno Qualidade inicial ? CAQi (estratégia 20.6 do PNE), cujo prazo
para previsto no PNE era 2016."
2020,280,Com. Educação,Comissão Câmara dos Deputados,Texto da Lei,Aditiva,Corpo da lei,A,I,,21,,,,,,,50050024,"Art. 21-B. Na alocação de recursos para a área de Educação deverão ser priorizados aqueles destinados à Universidades Federais, Hospitais Universitários e Institutos Federais de Ensino.
Parágrafo Único. Não serão objeto de limitação de empenho e movimentação financeira as despesas que constituem obrigações constitucionais e legais do ente, inclusive as destinadas à educação básica, às universidades públicas federais e aos institutos federais de educação, ciência e tecnologia.","pretende-se caracterizar a priorização de recursos para a área de Educação notadamente aqueles destinados à Universidades Federais, Hospitais Universitários e Institutos Federais de Ensino. Fica previsto, inclusive, que estes não serão objeto de limitação de empenho e movimentação financeira."
2020,280,Com. Defesa dos Direitos da Pessoa Idosa,Comissão Câmara dos Deputados,Texto da Lei,Aditiva,Corpo da lei,A,I,,21,,,,,,,50370005,"Seção I Diretrizes Gerais
(...)
Art. 22. Os recursos destinados à ação do Censo Demográfico realizado em periodicidade decenal serão suficientes para garantir a integridade metodológica da série histórica, sendo vedado reduzi-los de maneira a comprometer a comparabilidade do questionário com as edições anteriores, ainda que parcialmente.","Sob argumento da necessidade de contingenciamento de gastos, o Executivo tem ameaçado com cortes em questões fundamentais do Censo 2020, o que pode comprometer o acompanhamento de dados que dizem respeito diretamente aos direitos da pessoa idosa."
2020,280,"Com. Educação, Cultura e Esporte",Comissão Senado Federal,Texto da Lei,Aditiva,Corpo da lei,A,I,,21,,,,,,,60040012,"Art. 21-A. A alocação de recursos na área de Educação terá por objetivo, na Lei Orçamentária de 2020, o cumprimento das metas previstas no Plano Nacional de Educação, Lei nº 13.005, de 25 de junho de 2014.
Parágrafo único. A alocação de recursos de que trata o caput deverá buscar a implantação do Custo Aluno Qualidade inicial - CAQi, nos termos da estratégia 20.6 do Plano Nacional de Educação.","Esta emenda tem como finalidade apoiar o pleno cumprimento às metas do Plano Nacional de Educação 2014-2024, por meio de dotações a serem incluídas na lei orçamentária para 2020. 
O art. 10 da Lei do PNE estabelece que o plano plurianual, as diretrizes orçamentárias e os orçamentos anuais da União, dos Estados, do Distrito Federal e dos Municípios serão formulados de maneira a assegurar a consignação de dotações orçamentárias compatíveis com suas diretrizes, metas e estratégias e com os respectivos planos de educação, a fim de viabilizar sua plena execução.
Além disso, a presente proposição visa estimular a alocação de recursos para a implantação do Custo Aluno Qualidade inicial ? CAQi (estratégia 20.6 do PNE), cujo prazo previsto no PNE era 2016."
2020,280,"Com. Educação, Cultura e Esporte",Comissão Senado Federal,Texto da Lei,Aditiva,Corpo da lei,A,I,,21,,,,,,,60040014,"Art. 21-A. Com vistas à implantação do Custo Aluno Qualidade inicial (CAQi) de que trata o Plano Nacional de Educação (Lei nº 13.005, de 25 de junho de 2014), a Lei Orçamentária de 2020 deverá ampliar, para além do mínimo previsto no art. 60, VII, do Ato das Disposições Constitucionais Transitórias, as dotações orçamentárias destinadas à complementação da União ao Fundo de Manutenção e Desenvolvimento da Educação Básica e de Valorização dos Profissionais da Educação – Fundeb.","A estratégia 20.6 do Plano Nacional de Educação (PNE) obrigava até 2016 a implantação do Custo Aluno-Qualidade inicial ? CAQi para educação básica, referenciado no conjunto de padrões mínimos estabelecidos na legislação educacional e cujo financiamento será calculado com base nos respectivos insumos indispensáveis ao processo de ensino-aprendizagem e será progressivamente reajustado até a implementação plena do Custo Aluno Qualidade ? CAQ.
O art. 10 da Lei do PNE estabelece que o plano plurianual, as diretrizes orçamentárias e os orçamentos anuais da União, dos Estados, do Distrito Federal e dos Municípios serão formulados de maneira a assegurar a consignação de dotações orçamentárias compatíveis com suas diretrizes, metas e estratégias e com os respectivos planos de educação, a fim de viabilizar sua plena execução.
Em conformidade com a finalidade prevista no PNE de assegurar dotações orçamentárias para seu pleno cumprimento, esta emenda pretende ampliar recursos com vistas à implantação do CAQi, que já deveria ter ocorrido em 2016. Utilizando-se mecanismo de financiamento existente no Fundeb, a União cumpre plenamente sua competência constitucional de exercer as funções redistributiva e supletiva no combate às desigualdades educacionais regionais, com especial atenção às regiões Norte e Nordeste. Cabe mencionar que essa complementação, nos termos do art. 107. § 6º - I, do ADCT, não se submete ao limite de gastos imposto pela EC nº 95, de 2016."
2020,280,Com. Assuntos Economicos,Comissão Senado Federal,Texto da Lei,Aditiva,Corpo da lei,A,I,,21,,,,,,,60050025,Art. 21-A. As receitas próprias do Instituto Nacional da Propriedade Industrial(INPI) não serão destinados à constituição de reserva de contingência.,"A emenda tem como objetivo garantir na LDO 2020 o não contingenciamento dos recursos arrecadados pelo Instituto Nacional de Propriedade Industrial - INPI. Historicamente a Autarquia enfrenta grande carência de investimentos e recursos humanos (déficit de mais de 800 servidores no quadro de vagas disponíveis) para análise para processar e otimizar os processos de análise de depósito de patentes, o que vem causando grandes prejuízos ao mercado interno e à competitividade das empresas na geração de empregos e renda, bem como ao desenvolvimento econômico nacional. Em 2018 o INPI arrecadou cerca de R$ 600 milhões, mas teve alocados no Orçamento de 2019 somente R$ 90 milhões. Vale registrar que, apesar de ter suas tabelas de preços públicos defasadas desde março de 2012, a Autarquia é superavitária (observar os Avisos MDIC nº 094/2008, 151 e 152/2015)."
